Bias, Current, error
-2.00018,-4.69947,0.00157
-1.99618,-4.69944,0.00159
-1.99218,-4.6992,0.00155
-1.98818,-4.69908,0.00157
-1.98418,-4.69901,0.00157
-1.98018,-4.69883,0.00155
-1.97618,-4.69875,0.00156
-1.97218,-4.69834,0.00164
-1.96818,-4.6983,0.00161
-1.96418,-4.69834,0.00154
-1.96018,-4.69821,0.00156
-1.95618,-4.69823,0.0016
-1.95218,-4.69788,0.00154
-1.94818,-4.69781,0.00156
-1.94418,-4.69759,0.00158
-1.94018,-4.69734,0.00154
-1.93618,-4.69732,0.00156
-1.93218,-4.69718,0.00156
-1.92818,-4.69707,0.00156
-1.92418,-4.69662,0.00163
-1.92018,-4.69691,0.00158
-1.91618,-4.69631,0.00154
-1.91218,-4.69665,0.00155
-1.90818,-4.69632,0.00156
-1.90418,-4.69637,0.00156
-1.90018,-4.69624,0.00155
-1.89618,-4.69625,0.00154
-1.89218,-4.69581,0.00157
-1.88818,-4.69573,0.00155
-1.88418,-4.69558,0.00156
-1.88018,-4.69548,0.00157
-1.87618,-4.69535,0.00156
-1.87218,-4.69519,0.00158
-1.86818,-4.69508,0.00156
-1.86418,-4.69487,0.00156
-1.86018,-4.69471,0.00154
-1.85618,-4.69465,0.00157
-1.85218,-4.69456,0.00157
-1.84818,-4.69435,0.00156
-1.84418,-4.69442,0.00155
-1.84018,-4.69403,0.00153
-1.83618,-4.69403,0.00153
-1.83218,-4.694,0.00153
-1.82818,-4.69364,0.00153
-1.82418,-4.69365,0.00154
-1.82018,-4.69342,0.00156
-1.81618,-4.69341,0.00155
-1.81218,-4.69309,0.00154
-1.80818,-4.69307,0.00153
-1.80418,-4.69298,0.00156
-1.80018,-4.69278,0.00154
-1.79618,-4.69284,0.00153
-1.79218,-4.69274,0.00154
-1.78818,-4.69233,0.00154
-1.78418,-4.69235,0.00153
-1.78018,-4.69208,0.00151
-1.77618,-4.692,0.00155
-1.77218,-4.69196,0.00153
-1.76818,-4.69148,0.00151
-1.76418,-4.69154,0.00151
-1.76018,-4.69153,0.00153
-1.75618,-4.69111,0.00157
-1.75218,-4.69098,0.00155
-1.74818,-4.69109,0.00154
-1.74418,-4.69103,0.00152
-1.74018,-4.69117,0.00153
-1.73618,-4.69065,0.00155
-1.73218,-4.69062,0.00156
-1.72818,-4.69044,0.00153
-1.72418,-4.69049,0.00153
-1.72018,-4.69025,0.00154
-1.71618,-4.69007,0.00156
-1.71218,-4.6902,0.00153
-1.70818,-4.68985,0.00155
-1.70418,-4.68983,0.00155
-1.70018,-4.68959,0.00151
-1.69618,-4.68967,0.00156
-1.69218,-4.68944,0.00154
-1.68818,-4.6893,0.00152
-1.68418,-4.68923,0.00155
-1.68018,-4.68905,0.00153
-1.67618,-4.68906,0.00155
-1.67218,-4.68889,0.00155
-1.66818,-4.68885,0.00154
-1.66418,-4.68853,0.00154
-1.66018,-4.68862,0.00155
-1.65618,-4.68853,0.00153
-1.65218,-4.68834,0.00156
-1.64818,-4.68813,0.00154
-1.64418,-4.68819,0.00153
-1.64018,-4.68758,0.00158
-1.63618,-4.68782,0.00149
-1.63218,-4.68772,0.00155
-1.62818,-4.6876,0.00154
-1.62418,-4.68733,0.00153
-1.62018,-4.68716,0.00154
-1.61618,-4.68744,0.00153
-1.61218,-4.68699,0.00151
-1.60818,-4.68682,0.00155
-1.60418,-4.6869,0.00152
-1.60018,-4.68652,0.00152
-1.59618,-4.68672,0.00153
-1.59218,-4.68651,0.00149
-1.58818,-4.68626,0.00154
-1.58418,-4.6863,0.00153
-1.58018,-4.6864,0.00154
-1.57618,-4.68597,0.00151
-1.57218,-4.68569,0.00152
-1.56818,-4.68564,0.00154
-1.56418,-4.6857,0.00153
-1.56018,-4.68552,0.00153
-1.55618,-4.68534,0.0015
-1.55218,-4.68526,0.00155
-1.54818,-4.68514,0.00151
-1.54418,-4.68505,0.0015
-1.54018,-4.68514,0.00153
-1.53618,-4.68497,0.00151
-1.53218,-4.68469,0.00155
-1.52818,-4.68455,0.0015
-1.52418,-4.68448,0.00151
-1.52018,-4.68439,0.00152
-1.51618,-4.68427,0.00153
-1.51218,-4.68411,0.00153
-1.50818,-4.68426,0.00154
-1.50418,-4.68406,0.00152
-1.50018,-4.68392,0.0015
-1.49618,-4.68375,0.00154
-1.49218,-4.6839,0.00152
-1.48818,-4.68354,0.00151
-1.48418,-4.68342,0.00151
-1.48018,-4.68338,0.00152
-1.47618,-4.68307,0.00149
-1.47218,-4.68326,0.00153
-1.46818,-4.68296,0.00153
-1.46418,-4.68297,0.0015
-1.46018,-4.68266,0.0015
-1.45618,-4.68258,0.00149
-1.45218,-4.68261,0.00153
-1.44818,-4.68268,0.00153
-1.44418,-4.68234,0.00152
-1.44018,-4.6824,0.00151
-1.43618,-4.6822,0.00151
-1.43218,-4.68192,0.00151
-1.42818,-4.682,0.00149
-1.42418,-4.6819,0.0015
-1.42018,-4.68169,0.00148
-1.41618,-4.68174,0.00149
-1.41218,-4.68163,0.00154
-1.40818,-4.68089,0.00151
-1.40418,-4.68111,0.00155
-1.40018,-4.68111,0.00152
-1.39618,-4.68083,0.0015
-1.39218,-4.68083,0.0015
-1.38818,-4.68059,0.00154
-1.38418,-4.68056,0.00157
-1.38018,-4.6803,0.00155
-1.37618,-4.68005,0.00157
-1.37218,-4.68017,0.00154
-1.36818,-4.68003,0.00155
-1.36418,-4.67979,0.00157
-1.36018,-4.67956,0.0016
-1.35618,-4.67966,0.0016
-1.35218,-4.6793,0.00161
-1.34818,-4.67925,0.00163
-1.34418,-4.67874,0.00173
-1.34018,-4.67859,0.00175
-1.33618,-4.67839,0.00184
-1.33218,-4.67785,0.00209
-1.32818,-4.67718,0.00234
-1.32418,-4.67658,0.00264
-1.32018,-4.67589,0.00313
-1.31618,-4.67496,0.00401
-1.31218,-4.67381,0.00487
-1.30818,-4.67242,0.00599
-1.30418,-4.67129,0.00706
-1.30018,-4.66969,0.00822
-1.29617,-4.66833,0.00929
-1.29217,-4.66687,0.01019
-1.28817,-4.66498,0.01118
-1.28417,-4.66317,0.01223
-1.28017,-4.66177,0.01317
-1.27617,-4.66113,0.01413
-1.27217,-4.65999,0.01495
-1.26817,-4.65958,0.01574
-1.26417,-4.65846,0.01664
-1.26017,-4.65746,0.01737
-1.25617,-4.65652,0.01807
-1.25217,-4.65473,0.01883
-1.24817,-4.65351,0.01956
-1.24417,-4.65192,0.02019
-1.24017,-4.65026,0.02099
-1.23617,-4.64845,0.02171
-1.23217,-4.64654,0.02248
-1.22817,-4.64437,0.02334
-1.22417,-4.64153,0.02418
-1.22017,-4.63894,0.02503
-1.21617,-4.63558,0.026
-1.21217,-4.63118,0.02694
-1.20817,-4.62813,0.0279
-1.20417,-4.62417,0.02892
-1.20017,-4.62016,0.02988
-1.19617,-4.61614,0.03074
-1.19217,-4.61175,0.0317
-1.18817,-4.60694,0.03279
-1.18417,-4.60214,0.03375
-1.18017,-4.59768,0.03472
-1.17617,-4.59306,0.03567
-1.17217,-4.5877,0.03679
-1.16817,-4.58213,0.03791
-1.16417,-4.57602,0.039
-1.16017,-4.57089,0.04017
-1.15617,-4.56479,0.04142
-1.15217,-4.5581,0.04257
-1.14817,-4.55188,0.04363
-1.14417,-4.54512,0.04474
-1.14017,-4.53848,0.04589
-1.13617,-4.53174,0.04705
-1.13217,-4.52297,0.04856
-1.12817,-4.51536,0.05006
-1.12417,-4.50682,0.05152
-1.12017,-4.49783,0.05312
-1.11617,-4.48835,0.05474
-1.11217,-4.47742,0.05645
-1.10817,-4.4666,0.05818
-1.10417,-4.45454,0.06014
-1.10017,-4.44356,0.06185
-1.09617,-4.43226,0.0635
-1.09217,-4.42017,0.06511
-1.08817,-4.40814,0.06688
-1.08417,-4.39651,0.06864
-1.08017,-4.38432,0.07043
-1.07617,-4.37197,0.07218
-1.07217,-4.35953,0.07397
-1.06817,-4.34767,0.07575
-1.06417,-4.33528,0.07755
-1.06017,-4.32238,0.07934
-1.05617,-4.31004,0.081
-1.05217,-4.297,0.08267
-1.04817,-4.28336,0.08446
-1.04417,-4.2691,0.08622
-1.04017,-4.25467,0.08794
-1.03617,-4.24048,0.08977
-1.03217,-4.22543,0.09165
-1.02817,-4.21057,0.09342
-1.02417,-4.19582,0.09529
-1.02017,-4.18164,0.09709
-1.01617,-4.16623,0.09876
-1.01217,-4.15036,0.10053
-1.00817,-4.13427,0.10233
-1.00417,-4.11827,0.10391
-1.00017,-4.10089,0.10565
-0.99617,-4.08283,0.10744
-0.99217,-4.06474,0.1092
-0.98817,-4.04644,0.1109
-0.98417,-4.02832,0.11246
-0.98017,-4.00943,0.1139
-0.97617,-3.98976,0.11538
-0.97217,-3.97051,0.11693
-0.96817,-3.95041,0.11847
-0.96417,-3.93037,0.11998
-0.96017,-3.90994,0.12146
-0.95617,-3.88936,0.12274
-0.95217,-3.86802,0.12397
-0.94817,-3.84716,0.1252
-0.94417,-3.8263,0.12633
-0.94017,-3.80372,0.12742
-0.93617,-3.78047,0.12842
-0.93217,-3.75706,0.12925
-0.92817,-3.73354,0.12995
-0.92417,-3.70879,0.13064
-0.92017,-3.68454,0.1311
-0.91617,-3.65929,0.13153
-0.91217,-3.6344,0.13205
-0.90817,-3.61021,0.13245
-0.90417,-3.58557,0.13285
-0.90017,-3.56021,0.13316
-0.89617,-3.53357,0.13339
-0.89217,-3.50707,0.13377
-0.88817,-3.47983,0.13403
-0.88417,-3.45224,0.13426
-0.88017,-3.42516,0.1345
-0.87617,-3.39913,0.13476
-0.87217,-3.37252,0.13504
-0.86817,-3.34514,0.13514
-0.86417,-3.31906,0.1351
-0.86017,-3.29135,0.13519
-0.85617,-3.26378,0.13526
-0.85217,-3.23662,0.13525
-0.84817,-3.20899,0.13519
-0.84417,-3.18015,0.13509
-0.84017,-3.1514,0.13503
-0.83617,-3.12299,0.13483
-0.83217,-3.09262,0.13448
-0.82817,-3.06217,0.13406
-0.82417,-3.03253,0.13347
-0.82017,-3.00261,0.13293
-0.81617,-2.97304,0.13241
-0.81217,-2.94448,0.13187
-0.80817,-2.91597,0.13126
-0.80417,-2.88769,0.1307
-0.80017,-2.85808,0.13023
-0.79617,-2.82933,0.12986
-0.79217,-2.80067,0.12944
-0.78817,-2.77195,0.1288
-0.78417,-2.74349,0.12809
-0.78017,-2.71496,0.12728
-0.77617,-2.6859,0.12644
-0.77217,-2.65737,0.12563
-0.76817,-2.62797,0.12483
-0.76417,-2.5987,0.12395
-0.76017,-2.56885,0.12302
-0.75617,-2.53968,0.12215
-0.75217,-2.51111,0.1214
-0.74817,-2.48305,0.12065
-0.74417,-2.45494,0.11994
-0.74017,-2.42806,0.1192
-0.73617,-2.40107,0.11835
-0.73217,-2.37383,0.11749
-0.72817,-2.34712,0.1167
-0.72417,-2.32057,0.11584
-0.72017,-2.29311,0.1148
-0.71617,-2.26583,0.11375
-0.71217,-2.23918,0.11281
-0.70817,-2.2122,0.11187
-0.70417,-2.18561,0.11098
-0.70017,-2.15938,0.1101
-0.69617,-2.13374,0.10925
-0.69217,-2.10889,0.10847
-0.68817,-2.08418,0.10773
-0.68417,-2.06014,0.10696
-0.68017,-2.03629,0.10628
-0.67617,-2.01229,0.1056
-0.67217,-1.98895,0.10492
-0.66817,-1.9664,0.10424
-0.66417,-1.94367,0.10362
-0.66017,-1.92113,0.103
-0.65617,-1.89924,0.10232
-0.65217,-1.87654,0.10163
-0.64817,-1.85398,0.10092
-0.64417,-1.83142,0.10027
-0.64017,-1.80929,0.09956
-0.63617,-1.78724,0.09893
-0.63217,-1.76617,0.09833
-0.62817,-1.74499,0.09773
-0.62417,-1.72445,0.09707
-0.62017,-1.70359,0.09648
-0.61617,-1.68286,0.09594
-0.61217,-1.6624,0.09542
-0.60817,-1.64239,0.09498
-0.60417,-1.62233,0.09451
-0.60017,-1.60284,0.09405
-0.59617,-1.58371,0.09363
-0.59217,-1.56535,0.09315
-0.58817,-1.54673,0.09273
-0.58417,-1.52779,0.09231
-0.58017,-1.50901,0.09186
-0.57617,-1.49123,0.09146
-0.57217,-1.47267,0.09104
-0.56817,-1.45442,0.09056
-0.56417,-1.43662,0.09009
-0.56017,-1.41927,0.08961
-0.55617,-1.40187,0.08918
-0.55217,-1.38512,0.08885
-0.54817,-1.3683,0.08844
-0.54417,-1.3512,0.08802
-0.54017,-1.33418,0.08743
-0.53617,-1.31716,0.08689
-0.53217,-1.30061,0.08626
-0.52817,-1.28404,0.08566
-0.52417,-1.26716,0.08486
-0.52017,-1.25031,0.08401
-0.51617,-1.23322,0.08319
-0.51217,-1.21749,0.0832
-0.50817,-1.2023,0.0832
-0.50417,-1.18676,0.08303
-0.50017,-1.17151,0.0829
-0.49617,-1.15628,0.08283
-0.49217,-1.1411,0.08266
-0.48817,-1.1264,0.0823
-0.48417,-1.11162,0.08191
-0.48017,-1.09685,0.08153
-0.47617,-1.08216,0.08089
-0.47217,-1.0677,0.08033
-0.46817,-1.05297,0.07946
-0.46416,-1.03741,0.07845
-0.46016,-1.02217,0.07759
-0.45616,-1.00819,0.07665
-0.45216,-0.99371,0.07576
-0.44816,-0.97945,0.07476
-0.44416,-0.96607,0.07423
-0.44016,-0.95236,0.07368
-0.43617,-0.93861,0.07314
-0.43217,-0.92515,0.07246
-0.42817,-0.91185,0.07182
-0.42417,-0.89783,0.07103
-0.42017,-0.88421,0.07037
-0.41617,-0.87113,0.06968
-0.41217,-0.85766,0.06892
-0.40817,-0.8446,0.06806
-0.40417,-0.8314,0.06719
-0.40016,-0.81845,0.06651
-0.39616,-0.80566,0.06569
-0.39216,-0.79312,0.06483
-0.38816,-0.78,0.06383
-0.38416,-0.76759,0.06282
-0.38016,-0.75521,0.06199
-0.37616,-0.7427,0.06101
-0.37216,-0.73054,0.06005
-0.36816,-0.71834,0.05894
-0.36416,-0.70634,0.05785
-0.36016,-0.69421,0.05672
-0.35616,-0.68236,0.05574
-0.35216,-0.6708,0.05464
-0.34816,-0.65911,0.05356
-0.34416,-0.64713,0.05238
-0.34016,-0.63511,0.0512
-0.33616,-0.62345,0.0501
-0.33216,-0.61196,0.04899
-0.32816,-0.60056,0.04789
-0.32416,-0.58934,0.04671
-0.32016,-0.57806,0.04562
-0.31616,-0.56693,0.04452
-0.31216,-0.55577,0.04349
-0.30816,-0.545,0.04243
-0.30416,-0.53447,0.04147
-0.30016,-0.52369,0.04055
-0.29616,-0.51338,0.03955
-0.29216,-0.50297,0.03859
-0.28816,-0.49267,0.03767
-0.28416,-0.48254,0.03678
-0.28016,-0.47281,0.03601
-0.27616,-0.46261,0.03522
-0.27216,-0.45278,0.03442
-0.26816,-0.4433,0.0336
-0.26416,-0.43394,0.03284
-0.26016,-0.42456,0.03207
-0.25616,-0.41533,0.03129
-0.25216,-0.40637,0.03046
-0.24816,-0.39752,0.02973
-0.24416,-0.38834,0.02901
-0.24016,-0.37937,0.02833
-0.23616,-0.37042,0.02768
-0.23216,-0.36175,0.02694
-0.22816,-0.35302,0.02634
-0.22416,-0.34464,0.02565
-0.22016,-0.3362,0.02506
-0.21616,-0.32731,0.02448
-0.21216,-0.3187,0.02398
-0.20816,-0.31043,0.02349
-0.20416,-0.30216,0.02296
-0.20016,-0.2941,0.02242
-0.19616,-0.28617,0.02189
-0.19216,-0.27798,0.02133
-0.18816,-0.27021,0.02081
-0.18416,-0.26193,0.0203
-0.18016,-0.2542,0.0198
-0.17616,-0.24643,0.0193
-0.17216,-0.23872,0.0188
-0.16816,-0.23116,0.01823
-0.16416,-0.22384,0.0177
-0.16016,-0.21627,0.0172
-0.15616,-0.20882,0.01671
-0.15216,-0.20159,0.0162
-0.14816,-0.19433,0.01579
-0.14416,-0.18664,0.01531
-0.14016,-0.17943,0.01485
-0.13616,-0.1725,0.01446
-0.13216,-0.16509,0.01407
-0.12816,-0.15812,0.01365
-0.12416,-0.15109,0.0133
-0.12016,-0.14402,0.01297
-0.11616,-0.13684,0.01264
-0.11216,-0.12966,0.01226
-0.10816,-0.1225,0.01191
-0.10416,-0.11537,0.01159
-0.10016,-0.1086,0.01129
-0.09616,-0.10195,0.01096
-0.09216,-0.09501,0.01066
-0.08816,-0.08824,0.0103
-0.08416,-0.08154,0.00998
-0.08016,-0.07498,0.00972
-0.07616,-0.06812,0.00933
-0.07216,-0.06165,0.00903
-0.06816,-0.05538,0.00869
-0.06416,-0.04901,0.00834
-0.06016,-0.04246,0.00802
-0.05616,-0.03615,0.00768
-0.05216,-0.02979,0.00736
-0.04816,-0.02336,0.00706
-0.04416,-0.01671,0.00673
-0.04016,-0.01072,0.00644
-0.03616,-0.00422,0.00617
-0.03216,0.00186,0.00586
-0.02816,0.00821,0.00555
-0.02416,0.01422,0.00528
-0.02016,0.02074,0.00501
-0.01616,0.02706,0.00476
-0.01216,0.03367,0.00451
-0.00816,0.03998,0.00428
-0.00416,0.0463,0.00404
-3.05371E-4,0.05258,0.00382
0.00369,0.05876,0.00357
0.00769,0.06497,0.00334
0.01169,0.07122,0.00308
0.01569,0.07762,0.00285
0.01969,0.08397,0.0026
0.02369,0.09042,0.00234
0.0277,0.09629,0.00211
0.0317,0.10282,0.00185
0.03569,0.10832,0.0016
0.0397,0.11495,0.00133
0.0437,0.12086,0.00111
0.0477,0.1273,9.63287E-4
0.0517,0.13361,8.58404E-4
0.0557,0.13992,8.69695E-4
0.0597,0.14641,9.62036E-4
0.0637,0.15253,0.00114
0.0677,0.15879,0.00133
0.0717,0.16514,0.00157
0.0757,0.17189,0.00174
0.0797,0.17837,0.00196
0.0837,0.18504,0.00217
0.0877,0.19173,0.00243
0.0917,0.19829,0.00262
0.0957,0.20511,0.00287
0.0997,0.21119,0.00312
0.1037,0.21836,0.00337
0.1077,0.22498,0.00363
0.1117,0.2318,0.00386
0.1157,0.23832,0.00411
0.1197,0.2453,0.00438
0.1237,0.25198,0.00469
0.1277,0.25853,0.00495
0.1317,0.26549,0.00528
0.1357,0.27236,0.00558
0.1397,0.27909,0.00589
0.1437,0.28622,0.00621
0.1477,0.29344,0.00656
0.1517,0.30055,0.00685
0.1557,0.30765,0.00717
0.1597,0.3149,0.00744
0.1637,0.32195,0.00778
0.1677,0.32916,0.00815
0.1717,0.33643,0.0084
0.1757,0.34411,0.00869
0.1797,0.35167,0.00897
0.1837,0.35929,0.00926
0.1877,0.36699,0.0096
0.1917,0.37492,0.0099
0.1957,0.38266,0.01025
0.1997,0.3907,0.01058
0.2037,0.39891,0.01095
0.2077,0.40757,0.0113
0.2117,0.41559,0.01168
0.2157,0.42384,0.01196
0.2197,0.43224,0.01235
0.2237,0.44011,0.01273
0.2277,0.44847,0.01308
0.2317,0.4568,0.01351
0.2357,0.46528,0.01385
0.2397,0.47374,0.01425
0.2437,0.4827,0.01462
0.2477,0.49217,0.01503
0.2517,0.50141,0.01542
0.2557,0.51057,0.01584
0.2597,0.52023,0.01623
0.2637,0.52849,0.01672
0.2677,0.53808,0.0171
0.2717,0.54726,0.01754
0.2757,0.55694,0.01802
0.2797,0.56706,0.01839
0.2837,0.57687,0.01883
0.2877,0.58716,0.01928
0.2917,0.59753,0.01976
0.2957,0.60795,0.02031
0.2997,0.6185,0.02082
0.3037,0.62929,0.02139
0.3077,0.64039,0.02201
0.3117,0.65163,0.02265
0.3157,0.66305,0.02324
0.3197,0.67441,0.02388
0.3237,0.68577,0.02454
0.3277,0.69747,0.02526
0.3317,0.70923,0.02597
0.3357,0.7207,0.02662
0.3397,0.73196,0.02725
0.3437,0.74356,0.02793
0.3477,0.75567,0.02855
0.3517,0.76791,0.02916
0.3557,0.78023,0.0298
0.3597,0.79235,0.03045
0.3637,0.80477,0.03108
0.3677,0.81751,0.03172
0.3717,0.83006,0.03234
0.3757,0.84351,0.03298
0.3797,0.85738,0.03361
0.3837,0.87053,0.03421
0.3877,0.884,0.03478
0.3917,0.89788,0.03545
0.3957,0.91185,0.03617
0.3997,0.92608,0.03686
0.4037,0.9406,0.03756
0.4077,0.95547,0.03833
0.4117,0.97021,0.03902
0.4157,0.98533,0.03981
0.4197,1.00101,0.04069
0.4237,1.01648,0.04157
0.4277,1.0326,0.04252
0.4317,1.04888,0.04342
0.4357,1.06544,0.04427
0.4397,1.08231,0.04514
0.4437,1.09946,0.04606
0.4477,1.11735,0.04698
0.4517,1.13511,0.04793
0.4557,1.1527,0.04884
0.4597,1.17119,0.0497
0.4637,1.18952,0.05055
0.4677,1.20799,0.05139
0.4717,1.22719,0.05223
0.4757,1.24675,0.05308
0.4797,1.26633,0.05391
0.4837,1.28707,0.05485
0.4877,1.30763,0.05582
0.4917,1.32782,0.05684
0.4957,1.34901,0.05793
0.4997,1.36938,0.05894
0.5037,1.38913,0.05993
0.5077,1.40898,0.0608
0.5117,1.42922,0.06183
0.5157,1.45111,0.06272
0.5197,1.47167,0.06382
0.5237,1.49259,0.06497
0.5277,1.51444,0.06614
0.5317,1.53593,0.06738
0.5357,1.55804,0.06849
0.5397,1.58,0.06942
0.5437,1.60338,0.07035
0.5477,1.62613,0.0713
0.5517,1.64947,0.07229
0.5557,1.67393,0.07342
0.5597,1.70046,0.07456
0.5637,1.72692,0.07583
0.5677,1.75365,0.07714
0.5717,1.78183,0.07861
0.5757,1.80928,0.08005
0.5797,1.83753,0.08175
0.5837,1.86513,0.08335
0.5877,1.89417,0.08493
0.5917,1.92304,0.08627
0.5957,1.95265,0.08765
0.5997,1.98302,0.08906
0.6037,2.01351,0.09067
0.6077,2.04528,0.09203
0.6117,2.07668,0.09384
0.6157,2.10939,0.09596
0.6197,2.14387,0.09841
0.6237,2.17811,0.10086
0.6277,2.21477,0.10343
0.6317,2.24897,0.10593
0.6357,2.28579,0.10815
0.6397,2.32102,0.11011
0.6437,2.3567,0.11223
0.6477,2.3946,0.11427
0.6517,2.43036,0.1165
0.6557,2.46704,0.11875
0.6597,2.50297,0.12103
0.6637,2.54221,0.12341
0.6677,2.58103,0.1257
0.6717,2.61921,0.12782
0.6757,2.65648,0.1299
0.6797,2.69576,0.13211
0.6837,2.73671,0.13433
0.6877,2.77971,0.1365
0.6917,2.82356,0.13843
0.6957,2.86442,0.14023
0.6997,2.90763,0.14249
0.7037,2.95419,0.14475
0.7077,3.0003,0.14661
0.7117,3.04305,0.14783
0.7157,3.08456,0.14942
0.7197,3.12857,0.15132
0.7237,3.17512,0.15344
0.7277,3.22198,0.15554
0.7317,3.26629,0.15766
0.7357,3.30721,0.15953
0.7397,3.34901,0.16156
0.7437,3.393,0.164
0.7477,3.44012,0.16749
0.7517,3.48728,0.17036
0.7557,3.53519,0.17279
0.7597,3.58265,0.17559
0.7637,3.63246,0.17885
0.7677,3.68501,0.18213
0.7717,3.73858,0.18533
0.7757,3.79228,0.18837
0.7797,3.84595,0.19127
0.7837,3.90104,0.19369
0.7877,3.95576,0.19589
0.7917,4.01208,0.19807
0.7957,4.06836,0.19987
0.7997,4.12442,0.20128
0.8037,4.17987,0.20307
0.8077,4.24176,0.20481
0.8117,4.30319,0.2068
0.8157,4.36728,0.20932
0.8197,4.43271,0.21194
0.8237,4.49825,0.21462
0.8277,4.57476,0.21679
0.8317,4.64344,0.22029
0.8357,4.7124,0.22347
0.8397,4.78212,0.2269
0.84371,4.85014,0.23018
0.84771,4.91906,0.23354
0.85171,4.99126,0.23728
0.85571,5.0607,0.2409
0.85971,5.13502,0.24457
0.8637,5.20316,0.24804
0.8677,5.27675,0.25191
0.8717,5.34612,0.255
0.8757,5.41942,0.25756
0.8797,5.49119,0.25994
0.8837,5.56439,0.2626
0.8877,5.64002,0.26547
0.8917,5.72038,0.26874
0.8957,5.79305,0.27194
0.8997,5.87348,0.27566
0.9037,5.95167,0.27951
0.9077,6.03347,0.28332
0.9117,6.11848,0.28706
0.9157,6.20092,0.29033
0.9197,6.27991,0.29246
0.92371,6.35982,0.29444
0.92771,6.43761,0.29586
0.93171,6.51364,0.2973
0.93571,6.58766,0.29822
0.93971,6.66455,0.29956
0.94371,6.74317,0.30071
0.94771,6.81512,0.30096
0.95171,6.8883,0.30153
0.95571,6.96145,0.30182
0.95971,7.03165,0.30157
0.96371,7.1008,0.30082
0.96771,7.17313,0.29971
0.97171,7.23789,0.29799
0.97571,7.30651,0.29655
0.97971,7.37495,0.2948
0.98371,7.44664,0.29223
0.98771,7.52074,0.28996
0.99171,7.5978,0.28781
0.99571,7.67519,0.28537
0.99971,7.74868,0.28234
1.00371,7.81993,0.27979
1.00771,7.88525,0.27669
1.01171,7.95732,0.27345
1.01571,8.02618,0.27042
1.01971,8.09427,0.26717
1.02371,8.15857,0.26455
1.02771,8.22566,0.26206
1.03171,8.29488,0.25939
1.03571,8.35982,0.25644
1.03971,8.41842,0.25378
1.04371,8.47564,0.25084
1.04771,8.53458,0.24761
1.05171,8.5962,0.24362
1.05571,8.66106,0.23867
1.05971,8.72069,0.23433
1.06371,8.77841,0.23033
1.06771,8.83301,0.2254
1.07171,8.88429,0.22117
1.07571,8.93162,0.21717
1.07971,8.97686,0.21304
1.08371,9.01863,0.20865
1.08771,9.0557,0.20421
1.09171,9.09225,0.19931
1.09571,9.13265,0.1936
1.09971,9.1709,0.1881
1.10371,9.21006,0.18253
1.10771,9.24819,0.17637
1.11171,9.28533,0.17072
1.11571,9.32089,0.16526
1.11971,9.35804,0.15984
1.12371,9.39566,0.15447
1.12771,9.43482,0.14896
1.13171,9.47344,0.14405
1.13571,9.51084,0.13933
1.13971,9.54521,0.13484
1.14371,9.57925,0.13042
1.14771,9.60879,0.126
1.15171,9.63576,0.12192
1.15571,9.65846,0.11834
1.15971,9.68088,0.11453
1.16371,9.70136,0.11064
1.16771,9.71987,0.10686
1.17171,9.73789,0.10294
1.17571,9.75593,0.09902
1.17971,9.77301,0.09451
1.18371,9.78891,0.09006
1.18771,9.80432,0.08556
1.19171,9.82038,0.08111
1.19571,9.83481,0.07655
1.19971,9.84914,0.07143
1.20371,9.86388,0.06645
1.20771,9.87707,0.06207
1.21171,9.88888,0.05725
1.21571,9.89849,0.05265
1.21971,9.90808,0.04813
1.22371,9.91785,0.04354
1.22771,9.92767,0.03909
1.23171,9.93677,0.03525
1.23571,9.94439,0.03207
1.23971,9.95227,0.02868
1.24371,9.95874,0.02515
1.24771,9.96469,0.02166
1.25171,9.96966,0.01897
1.25571,9.97533,0.0157
1.25971,9.98122,0.01237
1.26371,9.98671,0.00934
1.26771,9.99129,0.00678
1.27171,9.99433,0.00445
1.27571,9.9964,0.00238
1.27971,9.99837,4.12941E-4
1.28371,9.99878,0
1.28771,9.99878,0
1.29171,9.99878,0
1.29571,9.99878,0
1.29971,9.99878,0
1.30371,9.99878,0
1.30771,9.99878,0
1.31171,9.99878,0
1.31571,9.99878,0
1.31971,9.99878,0
1.32371,9.99878,0
1.32771,9.99878,0
1.33171,9.99878,0
1.33571,9.99878,0
1.33971,9.99878,0
1.34371,9.99878,0
1.34771,9.99878,0
1.35171,9.99878,0
1.35571,9.99878,0
1.35971,9.99878,0
1.36371,9.99878,0
1.36771,9.99878,0
1.37171,9.99878,0
1.37571,9.99878,0
1.37971,9.99878,0
1.38371,9.99878,0
1.38771,9.99878,0
1.39171,9.99878,0
1.39571,9.99878,0
1.39971,9.99878,0
1.40371,9.99878,0
1.40771,9.99878,0
1.41171,9.99878,0
1.41571,9.99878,0
1.41971,9.99878,0
1.42371,9.99878,0
1.42771,9.99878,0
1.43171,9.99878,0
1.43571,9.99878,0
1.43971,9.99878,0
1.44371,9.99878,0
1.44771,9.99878,0
1.45171,9.99878,0
1.45571,9.99878,0
1.45971,9.99878,0
1.46371,9.99878,0
1.46771,9.99878,0
1.47171,9.99878,0
1.47571,9.99878,0
1.47971,9.99878,0
1.48371,9.99878,0
1.48771,9.99878,0
1.49171,9.99878,0
1.49571,9.99878,0
1.49971,9.99878,0
1.50371,9.99878,0
1.50771,9.99878,0
1.51171,9.99878,0
1.51571,9.99878,0
1.51971,9.99878,0
1.52371,9.99878,0
1.52771,9.99878,0
1.53171,9.99878,0
1.53571,9.99878,0
1.53971,9.99878,0
1.54371,9.99878,0
1.54771,9.99878,0
1.55171,9.99878,0
1.55571,9.99878,0
1.55971,9.99878,0
1.56371,9.99878,0
1.56771,9.99878,0
1.57171,9.99878,0
1.57571,9.99878,0
1.57971,9.99878,0
1.58371,9.99878,0
1.58771,9.99878,0
1.59171,9.99878,0
1.59571,9.99878,0
1.59971,9.99878,0
1.60371,9.99878,0
1.60771,9.99878,0
1.61171,9.99878,0
1.61571,9.99878,0
1.61971,9.99878,0
1.62371,9.99878,0
1.62771,9.99878,0
1.63171,9.99878,0
1.63571,9.99878,0
1.63971,9.99878,0
1.64371,9.99878,0
1.64771,9.99878,0
1.65171,9.99878,0
1.65571,9.99878,0
1.65971,9.99878,0
1.66371,9.99878,0
1.66771,9.99878,0
1.67171,9.99878,0
1.67571,9.99878,0
1.67971,9.99878,0
1.68371,9.99878,0
1.68771,9.99878,0
1.69171,9.99878,0
1.69571,9.99878,0
1.69971,9.99878,0
1.70371,9.99878,0
1.70771,9.99878,0
1.71171,9.99878,0
1.71571,9.99878,0
1.71971,9.99878,0
1.72371,9.99878,0
1.72771,9.99878,0
1.73171,9.99878,0
1.73571,9.99878,0
1.73971,9.99878,0
1.74372,9.99878,0
1.74772,9.99878,0
1.75172,9.99878,0
1.75572,9.99878,0
1.75972,9.99878,0
1.76372,9.99878,0
1.76772,9.99878,0
1.77172,9.99878,0
1.77572,9.99878,0
1.77972,9.99878,0
1.78372,9.99878,0
1.78772,9.99878,0
1.79172,9.99878,0
1.79572,9.99878,0
1.79972,9.99878,0
1.80372,9.99878,0
1.80772,9.99878,0
1.81172,9.99878,0
1.81572,9.99878,0
1.81972,9.99878,0
1.82372,9.99878,0
1.82772,9.99878,0
1.83172,9.99878,0
1.83572,9.99878,0
1.83972,9.99878,0
1.84372,9.99878,0
1.84772,9.99878,0
1.85172,9.99878,0
1.85572,9.99878,0
1.85972,9.99878,0
1.86372,9.99878,0
1.86772,9.99878,0
1.87172,9.99878,0
1.87572,9.99878,0
1.87972,9.99878,0
1.88372,9.99878,0
1.88772,9.99878,0
1.89172,9.99878,0
1.89572,9.99878,0
1.89972,9.99878,0
1.90372,9.99878,0
1.90772,9.99878,0
1.91172,9.99878,0
1.91572,9.99878,0
1.91972,9.99878,0
1.92372,9.99878,0
1.92772,9.99878,0
1.93172,9.99878,0
1.93572,9.99878,0
1.93972,9.99878,0
1.94372,9.99878,0
1.94772,9.99878,0
1.95172,9.99878,0
1.95572,9.99878,0
1.95972,9.99878,0
1.96372,9.99878,0
1.96772,9.99878,0
1.97172,9.99878,0
1.97572,9.99878,0
1.97972,9.99878,0
1.98372,9.99878,0
1.98772,9.99878,0
1.99172,9.99878,0
