Bias,Current,error
-2.00018,-4.66343,0.02325
-1.99618,-4.66667,0.02257
-1.99218,-4.66866,0.02172
-1.98818,-4.66883,0.02131
-1.98418,-4.66895,0.02131
-1.98018,-4.66854,0.02132
-1.97618,-4.66817,0.02108
-1.97218,-4.66818,0.02077
-1.96818,-4.66833,0.01993
-1.96418,-4.67024,0.01796
-1.96018,-4.67301,0.01563
-1.95618,-4.67442,0.01457
-1.95218,-4.67493,0.0138
-1.94818,-4.67554,0.01343
-1.94418,-4.6765,0.01302
-1.94018,-4.67636,0.01312
-1.93618,-4.67698,0.01331
-1.93218,-4.67842,0.01337
-1.92818,-4.67679,0.01401
-1.92418,-4.67456,0.01482
-1.92018,-4.6724,0.01568
-1.91618,-4.66985,0.01647
-1.91218,-4.66749,0.01706
-1.90818,-4.66695,0.01754
-1.90418,-4.66567,0.01825
-1.90018,-4.6621,0.0191
-1.89618,-4.6586,0.01999
-1.89218,-4.65543,0.02062
-1.88818,-4.65285,0.02115
-1.88418,-4.64989,0.0218
-1.88018,-4.64773,0.02247
-1.87618,-4.64685,0.02294
-1.87218,-4.64478,0.0234
-1.86818,-4.64353,0.02381
-1.86418,-4.64083,0.02462
-1.86018,-4.6372,0.02549
-1.85618,-4.63409,0.02613
-1.85218,-4.63123,0.02652
-1.84818,-4.62806,0.02727
-1.84418,-4.62328,0.02829
-1.84018,-4.61896,0.02908
-1.83618,-4.61626,0.02912
-1.83218,-4.61431,0.02931
-1.82818,-4.61153,0.02974
-1.82418,-4.60826,0.03053
-1.82018,-4.60355,0.03182
-1.81618,-4.59912,0.03296
-1.81218,-4.59459,0.0341
-1.80818,-4.58907,0.03527
-1.80418,-4.58301,0.0366
-1.80018,-4.57651,0.03783
-1.79618,-4.57074,0.03901
-1.79218,-4.56405,0.04011
-1.78818,-4.55673,0.04141
-1.78418,-4.54917,0.04273
-1.78018,-4.54246,0.04386
-1.77618,-4.53584,0.04502
-1.77218,-4.53078,0.04605
-1.76818,-4.52607,0.04705
-1.76418,-4.52116,0.04824
-1.76018,-4.51687,0.04918
-1.75618,-4.51281,0.05006
-1.75218,-4.50691,0.05093
-1.74818,-4.50121,0.05175
-1.74418,-4.49653,0.05248
-1.74018,-4.48929,0.05356
-1.73618,-4.48278,0.05474
-1.73218,-4.47577,0.05578
-1.72818,-4.46929,0.05687
-1.72418,-4.46291,0.0579
-1.72018,-4.45555,0.05899
-1.71618,-4.44947,0.05999
-1.71218,-4.44351,0.06101
-1.70818,-4.43682,0.06197
-1.70418,-4.43043,0.06299
-1.70018,-4.42368,0.06399
-1.69618,-4.41763,0.06495
-1.69218,-4.41083,0.06607
-1.68818,-4.40378,0.06724
-1.68418,-4.39725,0.06815
-1.68018,-4.39328,0.06904
-1.67618,-4.39109,0.06992
-1.67218,-4.38698,0.07084
-1.66818,-4.38108,0.07183
-1.66418,-4.37542,0.07272
-1.66018,-4.36961,0.0736
-1.65618,-4.36205,0.07464
-1.65218,-4.35405,0.07568
-1.64818,-4.34702,0.07649
-1.64418,-4.34065,0.07738
-1.64018,-4.33388,0.07822
-1.63618,-4.32909,0.079
-1.63218,-4.32265,0.07995
-1.62818,-4.31594,0.08092
-1.62418,-4.30981,0.08182
-1.62018,-4.30144,0.0829
-1.61618,-4.29374,0.08391
-1.61218,-4.28531,0.08484
-1.60818,-4.27775,0.08569
-1.60418,-4.27036,0.08648
-1.60018,-4.26577,0.08719
-1.59618,-4.25788,0.08809
-1.59218,-4.24839,0.08905
-1.58818,-4.24002,0.09002
-1.58418,-4.23244,0.09097
-1.58018,-4.22391,0.09176
-1.57618,-4.21599,0.09259
-1.57218,-4.20899,0.09343
-1.56818,-4.20255,0.09427
-1.56418,-4.19457,0.09509
-1.56018,-4.18609,0.09596
-1.55618,-4.17943,0.09677
-1.55218,-4.17444,0.0977
-1.54818,-4.17067,0.09853
-1.54418,-4.16649,0.0993
-1.54018,-4.16133,0.10001
-1.53618,-4.15594,0.10067
-1.53218,-4.15317,0.10132
-1.52818,-4.15029,0.10188
-1.52418,-4.14676,0.10238
-1.52018,-4.14221,0.10288
-1.51618,-4.13758,0.10331
-1.51218,-4.13548,0.10369
-1.50818,-4.1348,0.10421
-1.50418,-4.13128,0.10464
-1.50018,-4.12654,0.10503
-1.49618,-4.12207,0.10537
-1.49218,-4.11845,0.10577
-1.48818,-4.11311,0.10628
-1.48418,-4.10679,0.1068
-1.48018,-4.09965,0.10729
-1.47618,-4.09207,0.1077
-1.47218,-4.08296,0.10822
-1.46818,-4.07321,0.10877
-1.46418,-4.06409,0.10933
-1.46018,-4.05409,0.1099
-1.45618,-4.04381,0.11061
-1.45218,-4.03389,0.11127
-1.44818,-4.02476,0.11189
-1.44418,-4.01501,0.1125
-1.44018,-4.00493,0.11321
-1.43618,-3.99492,0.11393
-1.43218,-3.98565,0.11466
-1.42818,-3.97746,0.11536
-1.42418,-3.96912,0.11606
-1.42018,-3.96048,0.11677
-1.41618,-3.95203,0.11735
-1.41218,-3.94307,0.11793
-1.40818,-3.93421,0.11857
-1.40418,-3.92444,0.11915
-1.40018,-3.91411,0.11972
-1.39618,-3.90304,0.12018
-1.39218,-3.89307,0.12065
-1.38818,-3.88217,0.12115
-1.38418,-3.87148,0.12159
-1.38018,-3.86263,0.12206
-1.37618,-3.85297,0.12267
-1.37218,-3.84154,0.12328
-1.36818,-3.8291,0.12388
-1.36418,-3.81846,0.12441
-1.36018,-3.80665,0.12496
-1.35618,-3.79676,0.12547
-1.35218,-3.78592,0.12604
-1.34818,-3.77517,0.12661
-1.34418,-3.7668,0.12729
-1.34018,-3.75649,0.12783
-1.33618,-3.74731,0.12829
-1.33218,-3.73756,0.1288
-1.32818,-3.727,0.12933
-1.32418,-3.71588,0.12983
-1.32018,-3.7047,0.13023
-1.31618,-3.69292,0.13071
-1.31218,-3.68128,0.13112
-1.30818,-3.67039,0.13157
-1.30418,-3.65843,0.13196
-1.30018,-3.64705,0.13234
-1.29617,-3.63543,0.13272
-1.29217,-3.62455,0.13316
-1.28817,-3.6142,0.13356
-1.28417,-3.60245,0.13391
-1.28017,-3.58832,0.13422
-1.27617,-3.57312,0.1345
-1.27217,-3.55938,0.13472
-1.26817,-3.54657,0.13502
-1.26417,-3.53398,0.13537
-1.26017,-3.52003,0.13586
-1.25617,-3.50722,0.13642
-1.25217,-3.49406,0.13691
-1.24817,-3.48242,0.13747
-1.24417,-3.47159,0.13802
-1.24017,-3.46011,0.13864
-1.23617,-3.44922,0.13923
-1.23217,-3.43884,0.1397
-1.22817,-3.43091,0.13999
-1.22417,-3.42026,0.14037
-1.22017,-3.40626,0.14086
-1.21617,-3.39372,0.14126
-1.21217,-3.38343,0.14156
-1.20817,-3.36931,0.14194
-1.20417,-3.35527,0.1423
-1.20017,-3.34209,0.14264
-1.19617,-3.32975,0.14302
-1.19217,-3.31808,0.14343
-1.18817,-3.30559,0.14388
-1.18417,-3.29313,0.14445
-1.18017,-3.28106,0.1449
-1.17617,-3.26868,0.1454
-1.17217,-3.25718,0.1458
-1.16817,-3.24562,0.14615
-1.16417,-3.23549,0.1466
-1.16017,-3.22434,0.147
-1.15617,-3.21455,0.14741
-1.15217,-3.20397,0.14791
-1.14817,-3.19367,0.14841
-1.14417,-3.18292,0.14892
-1.14017,-3.1727,0.14939
-1.13617,-3.1631,0.14986
-1.13217,-3.15257,0.15026
-1.12817,-3.1438,0.15047
-1.12417,-3.13489,0.15079
-1.12017,-3.12604,0.15104
-1.11617,-3.11564,0.1515
-1.11217,-3.10801,0.15184
-1.10817,-3.09938,0.15231
-1.10417,-3.08893,0.15271
-1.10017,-3.07815,0.15303
-1.09617,-3.06908,0.15339
-1.09217,-3.06014,0.15372
-1.08817,-3.05042,0.15394
-1.08417,-3.0394,0.15411
-1.08017,-3.02647,0.15433
-1.07617,-3.0126,0.15455
-1.07217,-2.99903,0.15487
-1.06817,-2.98611,0.15507
-1.06417,-2.97291,0.15533
-1.06017,-2.95947,0.15559
-1.05617,-2.94701,0.15575
-1.05217,-2.93227,0.15576
-1.04817,-2.91547,0.15561
-1.04417,-2.89952,0.15556
-1.04017,-2.88326,0.15546
-1.03617,-2.8682,0.15539
-1.03217,-2.85395,0.15538
-1.02817,-2.84079,0.15541
-1.02417,-2.82755,0.15543
-1.02017,-2.81621,0.15545
-1.01617,-2.80311,0.15542
-1.01217,-2.79059,0.15544
-1.00817,-2.77714,0.15541
-1.00417,-2.76245,0.15525
-1.00017,-2.74801,0.1552
-0.99617,-2.73318,0.15513
-0.99217,-2.7185,0.155
-0.98817,-2.70433,0.15501
-0.98417,-2.69181,0.15499
-0.98017,-2.67856,0.15483
-0.97617,-2.665,0.15467
-0.97217,-2.65106,0.15461
-0.96817,-2.63827,0.15462
-0.96417,-2.62655,0.15474
-0.96017,-2.61414,0.15467
-0.95617,-2.60201,0.15461
-0.95217,-2.58979,0.15446
-0.94817,-2.57719,0.15436
-0.94417,-2.56316,0.15425
-0.94017,-2.55038,0.15429
-0.93617,-2.53752,0.15426
-0.93217,-2.52493,0.15414
-0.92817,-2.51361,0.15407
-0.92417,-2.50268,0.15393
-0.92017,-2.49109,0.15371
-0.91617,-2.47989,0.15353
-0.91217,-2.46789,0.15328
-0.90817,-2.45585,0.15302
-0.90417,-2.44258,0.1527
-0.90017,-2.42854,0.15238
-0.89617,-2.414,0.15202
-0.89217,-2.39952,0.15165
-0.88817,-2.38441,0.15128
-0.88417,-2.36964,0.15096
-0.88017,-2.35393,0.15062
-0.87617,-2.33828,0.15024
-0.87217,-2.3301,0.15044
-0.86817,-2.32553,0.15119
-0.86417,-2.3172,0.15155
-0.86017,-2.30639,0.15156
-0.85617,-2.29408,0.15144
-0.85217,-2.28128,0.15125
-0.84817,-2.26834,0.15114
-0.84417,-2.25676,0.15112
-0.84017,-2.24484,0.15123
-0.83617,-2.23388,0.15142
-0.83217,-2.22093,0.15126
-0.82817,-2.20844,0.15115
-0.82417,-2.19681,0.15105
-0.82017,-2.18531,0.15097
-0.81617,-2.17302,0.15088
-0.81217,-2.16125,0.15086
-0.80817,-2.1484,0.15073
-0.80417,-2.13526,0.15052
-0.80017,-2.12201,0.15017
-0.79617,-2.10938,0.1499
-0.79217,-2.09726,0.14959
-0.78817,-2.08528,0.14929
-0.78417,-2.07458,0.14912
-0.78017,-2.06446,0.14905
-0.77617,-2.05359,0.14891
-0.77217,-2.04296,0.14883
-0.76817,-2.0307,0.14857
-0.76417,-2.01888,0.14815
-0.76017,-2.00646,0.14776
-0.75617,-1.99482,0.14747
-0.75217,-1.98193,0.14711
-0.74817,-1.96951,0.14676
-0.74417,-1.9571,0.14645
-0.74017,-1.9449,0.14618
-0.73617,-1.93163,0.14589
-0.73217,-1.92021,0.14563
-0.72817,-1.90931,0.14545
-0.72417,-1.89803,0.1452
-0.72017,-1.88605,0.14495
-0.71617,-1.87462,0.14478
-0.71217,-1.86329,0.14448
-0.70817,-1.85198,0.14423
-0.70417,-1.84099,0.14403
-0.70017,-1.83279,0.1442
-0.69617,-1.82424,0.14421
-0.69217,-1.8145,0.14408
-0.68817,-1.80377,0.14376
-0.68417,-1.79255,0.14346
-0.68017,-1.78116,0.14321
-0.67617,-1.7691,0.1429
-0.67217,-1.75653,0.14255
-0.66817,-1.74439,0.14219
-0.66417,-1.73281,0.142
-0.66017,-1.72021,0.14167
-0.65617,-1.70803,0.14132
-0.65217,-1.6953,0.14108
-0.64817,-1.68386,0.14096
-0.64417,-1.67214,0.14084
-0.64017,-1.66132,0.14074
-0.63617,-1.65145,0.14068
-0.63217,-1.64103,0.14064
-0.62817,-1.63094,0.14054
-0.62417,-1.6204,0.14029
-0.62017,-1.60962,0.14004
-0.61617,-1.59862,0.13977
-0.61217,-1.5879,0.13953
-0.60817,-1.57709,0.13936
-0.60417,-1.5667,0.13921
-0.60017,-1.55641,0.139
-0.59617,-1.54525,0.13856
-0.59217,-1.53389,0.13817
-0.58817,-1.52271,0.13779
-0.58417,-1.51062,0.13743
-0.58017,-1.49958,0.13718
-0.57617,-1.48706,0.13675
-0.57217,-1.47425,0.13624
-0.56817,-1.46123,0.13574
-0.56417,-1.44907,0.13527
-0.56017,-1.43687,0.1348
-0.55617,-1.42525,0.13437
-0.55217,-1.41358,0.13389
-0.54817,-1.40259,0.13346
-0.54417,-1.39044,0.13295
-0.54017,-1.37885,0.13247
-0.53617,-1.36748,0.13195
-0.53217,-1.35599,0.13138
-0.52817,-1.34502,0.13075
-0.52417,-1.33345,0.12996
-0.52017,-1.32149,0.12932
-0.51617,-1.3099,0.12872
-0.51217,-1.29818,0.12794
-0.50817,-1.28546,0.12707
-0.50417,-1.27327,0.12614
-0.50017,-1.26166,0.12542
-0.49617,-1.24997,0.12481
-0.49217,-1.23902,0.12442
-0.48817,-1.22772,0.12388
-0.48417,-1.21411,0.12284
-0.48017,-1.20045,0.12172
-0.47617,-1.18663,0.12057
-0.47217,-1.17265,0.11939
-0.46817,-1.15863,0.11815
-0.46416,-1.14398,0.11677
-0.46016,-1.12911,0.11528
-0.45616,-1.11394,0.11374
-0.45216,-1.09911,0.11211
-0.44816,-1.08372,0.11041
-0.44416,-1.06956,0.10881
-0.44016,-1.05487,0.10705
-0.43617,-1.0402,0.1053
-0.43217,-1.02576,0.1036
-0.42817,-1.01193,0.10192
-0.42417,-0.99791,0.10028
-0.42017,-0.98387,0.09857
-0.41617,-0.97011,0.09702
-0.41217,-0.95616,0.09547
-0.40817,-0.94289,0.09398
-0.40417,-0.92898,0.09248
-0.40016,-0.91565,0.09104
-0.39616,-0.90208,0.08959
-0.39216,-0.88836,0.08811
-0.38816,-0.87419,0.08666
-0.38416,-0.86063,0.08527
-0.38016,-0.84685,0.08389
-0.37616,-0.83326,0.08252
-0.37216,-0.81848,0.08045
-0.36816,-0.8018,0.07764
-0.36416,-0.7859,0.07503
-0.36016,-0.77015,0.07256
-0.35616,-0.75494,0.07023
-0.35216,-0.73983,0.06804
-0.34816,-0.72536,0.06597
-0.34416,-0.71143,0.06408
-0.34016,-0.69794,0.06229
-0.33616,-0.68467,0.06058
-0.33216,-0.67163,0.05886
-0.32816,-0.6587,0.05725
-0.32416,-0.64611,0.05571
-0.32016,-0.6339,0.05427
-0.31616,-0.6221,0.05294
-0.31216,-0.60999,0.05158
-0.30816,-0.59858,0.05036
-0.30416,-0.58669,0.04909
-0.30016,-0.57482,0.04792
-0.29616,-0.56388,0.04679
-0.29216,-0.55284,0.0457
-0.28816,-0.54151,0.04463
-0.28416,-0.53039,0.04353
-0.28016,-0.51989,0.04255
-0.27616,-0.50921,0.04159
-0.27216,-0.49869,0.04061
-0.26816,-0.48831,0.03969
-0.26416,-0.47809,0.03878
-0.26016,-0.46774,0.03784
-0.25616,-0.45765,0.03696
-0.25216,-0.44808,0.03612
-0.24816,-0.43846,0.0353
-0.24416,-0.42904,0.03446
-0.24016,-0.41989,0.03367
-0.23616,-0.41111,0.03291
-0.23216,-0.40221,0.03217
-0.22816,-0.39375,0.03146
-0.22416,-0.38521,0.03074
-0.22016,-0.37642,0.03005
-0.21616,-0.36793,0.02939
-0.21216,-0.35992,0.02876
-0.20816,-0.35158,0.02809
-0.20416,-0.34341,0.02748
-0.20016,-0.33508,0.02687
-0.19616,-0.32667,0.02631
-0.19216,-0.31861,0.02577
-0.18816,-0.31036,0.02526
-0.18416,-0.30187,0.02473
-0.18016,-0.29392,0.02418
-0.17616,-0.28588,0.02365
-0.17216,-0.278,0.0231
-0.16816,-0.27054,0.02257
-0.16416,-0.26287,0.02204
-0.16016,-0.25555,0.02153
-0.15616,-0.2484,0.02103
-0.15216,-0.24091,0.02053
-0.14816,-0.23379,0.0201
-0.14416,-0.22674,0.01962
-0.14016,-0.21951,0.01914
-0.13616,-0.21281,0.0187
-0.13216,-0.20563,0.01826
-0.12816,-0.19884,0.01781
-0.12416,-0.19162,0.01737
-0.12016,-0.18472,0.01693
-0.11616,-0.17744,0.01652
-0.11216,-0.17039,0.01609
-0.10816,-0.16309,0.0157
-0.10416,-0.15568,0.01527
-0.10016,-0.14823,0.01484
-0.09616,-0.14097,0.01445
-0.09216,-0.13342,0.01403
-0.08816,-0.1256,0.01365
-0.08416,-0.11804,0.01322
-0.08016,-0.11044,0.01283
-0.07616,-0.10304,0.01242
-0.07216,-0.09592,0.01204
-0.06816,-0.08815,0.0116
-0.06416,-0.08042,0.01117
-0.06016,-0.07309,0.01072
-0.05616,-0.06588,0.01031
-0.05216,-0.05859,0.00987
-0.04816,-0.05123,0.00944
-0.04416,-0.04413,0.00902
-0.04016,-0.03704,0.00861
-0.03616,-0.02985,0.00819
-0.03216,-0.0229,0.00782
-0.02816,-0.01562,0.00741
-0.02416,-0.00836,0.00702
-0.02016,-0.00109,0.00666
-0.01616,0.00623,0.0063
-0.01216,0.01365,0.00592
-0.00816,0.0212,0.00557
-0.00416,0.02899,0.00524
-3.05371E-4,0.0366,0.0049
0.00369,0.04474,0.00458
0.00769,0.05252,0.00424
0.01169,0.06092,0.00393
0.01569,0.0693,0.00365
0.01969,0.07761,0.00337
0.02369,0.08608,0.00315
0.0277,0.09462,0.00298
0.0317,0.10339,0.00281
0.03569,0.11203,0.00272
0.0397,0.12064,0.00267
0.0437,0.12928,0.0027
0.0477,0.13837,0.0028
0.0517,0.1474,0.00302
0.0557,0.15675,0.00333
0.0597,0.16599,0.00371
0.0637,0.17517,0.00409
0.0677,0.18476,0.00451
0.0717,0.19416,0.00491
0.0757,0.20391,0.00537
0.0797,0.21389,0.0059
0.0837,0.22373,0.00633
0.0877,0.23376,0.00683
0.0917,0.2443,0.00737
0.0957,0.25491,0.00793
0.0997,0.26583,0.00851
0.1037,0.27684,0.00911
0.1077,0.28794,0.00979
0.1117,0.29912,0.01032
0.1157,0.31056,0.01092
0.1197,0.32223,0.01158
0.1237,0.33398,0.01226
0.1277,0.34611,0.01301
0.1317,0.35826,0.0138
0.1357,0.37017,0.01447
0.1397,0.38194,0.01513
0.1437,0.39373,0.01579
0.1477,0.40542,0.01633
0.1517,0.4172,0.01691
0.1557,0.42903,0.01751
0.1597,0.4414,0.01814
0.1637,0.45361,0.01882
0.1677,0.46598,0.01948
0.1717,0.47878,0.0202
0.1757,0.49165,0.02091
0.1797,0.50499,0.02169
0.1837,0.51881,0.02247
0.1877,0.53244,0.02326
0.1917,0.54667,0.02411
0.1957,0.56113,0.02497
0.1997,0.57538,0.02575
0.2037,0.59063,0.02668
0.2077,0.60592,0.02761
0.2117,0.62138,0.02848
0.2157,0.63652,0.02936
0.2197,0.65132,0.03018
0.2237,0.66652,0.03104
0.2277,0.68228,0.03186
0.2317,0.69806,0.03276
0.2357,0.71373,0.03369
0.2397,0.72926,0.03456
0.2437,0.74496,0.03536
0.2477,0.76057,0.0362
0.2517,0.77627,0.03701
0.2557,0.79201,0.03783
0.2597,0.80819,0.0387
0.2637,0.82475,0.03965
0.2677,0.8418,0.04063
0.2717,0.85935,0.04163
0.2757,0.87638,0.0426
0.2797,0.89359,0.04353
0.2837,0.91112,0.04448
0.2877,0.9297,0.04548
0.2917,0.94713,0.04642
0.2957,0.9672,0.04757
0.2997,0.98679,0.04875
0.3037,1.00773,0.05006
0.3077,1.02851,0.05137
0.3117,1.04915,0.05268
0.3157,1.0701,0.05401
0.3197,1.0913,0.05539
0.3237,1.11209,0.05644
0.3277,1.13263,0.05744
0.3317,1.1541,0.05861
0.3357,1.17513,0.05968
0.3397,1.19651,0.06087
0.3437,1.21744,0.06198
0.3477,1.23879,0.0631
0.3517,1.26137,0.06433
0.3557,1.28558,0.06578
0.3597,1.30879,0.06712
0.3637,1.33255,0.06839
0.3677,1.35807,0.06991
0.3717,1.3824,0.07123
0.3757,1.40911,0.07324
0.3797,1.43511,0.075
0.3837,1.46177,0.07673
0.3877,1.48914,0.07838
0.3917,1.51782,0.08052
0.3957,1.54482,0.08229
0.3997,1.57202,0.08426
0.4037,1.60053,0.08644
0.4077,1.63292,0.08934
0.4117,1.66419,0.09179
0.4157,1.69439,0.09382
0.4197,1.72649,0.09605
0.4237,1.75759,0.09833
0.4277,1.7896,0.1007
0.4317,1.82337,0.10314
0.4357,1.85789,0.10577
0.4397,1.89254,0.10838
0.4437,1.92955,0.11138
0.4477,1.96734,0.11444
0.4517,2.0055,0.11778
0.4557,2.0461,0.12195
0.4597,2.08527,0.12586
0.4637,2.12413,0.12951
0.4677,2.16267,0.1331
0.4717,2.2021,0.13661
0.4757,2.24018,0.13977
0.4797,2.27856,0.14292
0.4837,2.32036,0.14647
0.4877,2.36192,0.14964
0.4917,2.4046,0.15276
0.4957,2.44579,0.15561
0.4997,2.48906,0.1588
0.5037,2.53187,0.16218
0.5077,2.57639,0.16554
0.5117,2.62252,0.16903
0.5157,2.66844,0.17241
0.5197,2.71404,0.17536
0.5237,2.75954,0.17796
0.5277,2.8072,0.18115
0.5317,2.85881,0.18455
0.5357,2.91163,0.18825
0.5397,2.96695,0.1925
0.5437,3.02436,0.19677
0.5477,3.07968,0.20117
0.5517,3.1337,0.20557
0.5557,3.18618,0.20969
0.5597,3.24097,0.21388
0.5637,3.29628,0.218
0.5677,3.35083,0.22192
0.5717,3.40344,0.22562
0.5757,3.45756,0.22932
0.5797,3.51588,0.23338
0.5837,3.57663,0.23765
0.5877,3.63475,0.24143
0.5917,3.69236,0.24518
0.5957,3.75251,0.24882
0.5997,3.81506,0.25278
0.6037,3.88042,0.25686
0.6077,3.94538,0.26073
0.6117,4.00651,0.26431
0.6157,4.07103,0.26834
0.6197,4.13811,0.2721
0.6237,4.20525,0.27591
0.6277,4.27325,0.27999
0.6317,4.33857,0.28355
0.6357,4.40444,0.2873
0.6397,4.47133,0.29102
0.6437,4.53693,0.29471
0.6477,4.60161,0.29807
0.6517,4.66637,0.30136
0.6557,4.73278,0.3047
0.6597,4.79562,0.30783
0.6637,4.86012,0.31071
0.6677,4.92343,0.31319
0.6717,4.99158,0.31582
0.6757,5.05589,0.31848
0.6797,5.11629,0.3208
0.6837,5.17466,0.3226
0.6877,5.23184,0.32436
0.6917,5.28966,0.32616
0.6957,5.34905,0.32803
0.6997,5.40786,0.32972
0.7037,5.46686,0.33125
0.7077,5.5269,0.33268
0.7117,5.58496,0.33388
0.7157,5.64358,0.3353
0.7197,5.69741,0.33592
0.7237,5.75248,0.33637
0.7277,5.80502,0.33673
0.7317,5.85855,0.33703
0.7357,5.91098,0.33733
0.7397,5.96356,0.33766
0.7437,6.01349,0.33765
0.7477,6.05993,0.33717
0.7517,6.10689,0.33633
0.7557,6.15245,0.33539
0.7597,6.19918,0.33457
0.7637,6.24376,0.33367
0.7677,6.28886,0.33244
0.7717,6.33539,0.33126
0.7757,6.37615,0.33012
0.7797,6.41671,0.3288
0.7837,6.45624,0.3275
0.7877,6.50027,0.32616
0.7917,6.54452,0.32479
0.7957,6.58787,0.32352
0.7997,6.63619,0.32224
0.8037,6.68336,0.3211
0.8077,6.73272,0.32015
0.8117,6.77877,0.31935
0.8157,6.82558,0.31871
0.8197,6.87489,0.3182
0.8237,6.92625,0.31778
0.8277,6.97631,0.31741
0.8317,7.02898,0.31651
0.8357,7.08024,0.31549
0.8397,7.12651,0.31491
0.84371,7.17388,0.31434
0.84771,7.22011,0.3138
0.85171,7.26445,0.31332
0.85571,7.30913,0.31285
0.85971,7.35061,0.31249
0.8637,7.39286,0.31206
0.8677,7.4329,0.3117
0.8717,7.46667,0.31123
0.8757,7.50342,0.3108
0.8797,7.53848,0.3101
0.8837,7.5735,0.3093
0.8877,7.60752,0.30841
0.8917,7.64081,0.30734
0.8957,7.67078,0.30619
0.8997,7.70323,0.30475
0.9037,7.73504,0.30311
0.9077,7.76968,0.30115
0.9117,7.8069,0.29885
0.9157,7.84261,0.29679
0.9197,7.87953,0.29485
0.92371,7.91127,0.29272
0.92771,7.948,0.28997
0.93171,7.98477,0.28719
0.93571,8.01887,0.28445
0.93971,8.05036,0.28203
0.94371,8.08501,0.27952
0.94771,8.11701,0.27725
0.95171,8.14915,0.27516
0.95571,8.18206,0.27312
0.95971,8.21392,0.27119
0.96371,8.24701,0.26945
0.96771,8.27574,0.26765
0.97171,8.30553,0.2657
0.97571,8.33817,0.26358
0.97971,8.37176,0.2614
0.98371,8.40192,0.25943
0.98771,8.43035,0.2578
0.99171,8.4576,0.25618
0.99571,8.48448,0.25451
0.99971,8.50937,0.25289
1.00371,8.53448,0.25131
1.00771,8.55866,0.24969
1.01171,8.58372,0.24803
1.01571,8.6099,0.2462
1.01971,8.63728,0.2441
1.02371,8.66071,0.24212
1.02771,8.68367,0.24006
1.03171,8.70531,0.2383
1.03571,8.72673,0.23663
1.03971,8.74663,0.23483
1.04371,8.76647,0.23293
1.04771,8.7834,0.2311
1.05171,8.80012,0.2293
1.05571,8.8155,0.22759
1.05971,8.83131,0.22568
1.06371,8.84828,0.22383
1.06771,8.86635,0.22186
1.07171,8.88362,0.21987
1.07571,8.90173,0.21772
1.07971,8.91918,0.21585
1.08371,8.94339,0.21229
1.08771,8.97076,0.20832
1.09171,8.99886,0.20443
1.09571,9.0269,0.2008
1.09971,9.05797,0.19682
1.10371,9.08983,0.19291
1.10771,9.11563,0.18924
1.11171,9.13927,0.18563
1.11571,9.16533,0.18167
1.11971,9.19027,0.17801
1.12371,9.21452,0.17451
1.12771,9.23585,0.17163
1.13171,9.25453,0.16942
1.13571,9.27814,0.1662
1.13971,9.30177,0.16281
1.14371,9.3249,0.15933
1.14771,9.34969,0.15565
1.15171,9.37369,0.15222
1.15571,9.39614,0.14939
1.15971,9.41649,0.14677
1.16371,9.44251,0.14296
1.16771,9.46874,0.13894
1.17171,9.49055,0.13565
1.17571,9.51156,0.13251
1.17971,9.53607,0.12903
1.18371,9.55845,0.12594
1.18771,9.57917,0.12328
1.19171,9.5964,0.12073
1.19571,9.61264,0.11801
1.19971,9.62742,0.11584
1.20371,9.64054,0.11419
1.20771,9.65319,0.11243
1.21171,9.66409,0.11102
1.21571,9.67492,0.10949
1.21971,9.68662,0.10772
1.22371,9.69581,0.10647
1.22771,9.70583,0.10514
1.23171,9.71672,0.10361
1.23571,9.72674,0.10207
1.23971,9.73659,0.10047
1.24371,9.74642,0.09854
1.24771,9.75522,0.09671
1.25171,9.76407,0.09429
1.25571,9.77772,0.08916
1.25971,9.79069,0.08438
1.26371,9.80115,0.08079
1.26771,9.81016,0.07814
1.27171,9.81811,0.07568
1.27571,9.82425,0.07383
1.27971,9.83064,0.07178
1.28371,9.83597,0.07032
1.28771,9.8399,0.06896
1.29171,9.84615,0.06724
1.29571,9.84959,0.06602
1.29971,9.85346,0.06484
1.30371,9.85592,0.06313
1.30771,9.8596,0.06126
1.31171,9.86467,0.05931
1.31571,9.86944,0.05747
1.31971,9.87476,0.05526
1.32371,9.88059,0.05252
1.32771,9.8879,0.04943
1.33171,9.89205,0.04764
1.33571,9.89735,0.04551
1.33971,9.90323,0.0434
1.34371,9.90906,0.04134
1.34771,9.91763,0.03795
1.35171,9.9238,0.03542
1.35571,9.9288,0.03272
1.35971,9.93346,0.03067
1.36371,9.93922,0.02837
1.36771,9.94602,0.02545
1.37171,9.95122,0.02312
1.37571,9.95642,0.02097
1.37971,9.96125,0.01906
1.38371,9.96581,0.01723
1.38771,9.97087,0.01495
1.39171,9.97505,0.01299
1.39571,9.97835,0.01179
1.39971,9.98138,0.01034
1.40371,9.98379,0.00936
1.40771,9.98661,0.00812
1.41171,9.98867,0.00732
1.41571,9.99092,0.00634
1.41971,9.99301,0.00577
1.42371,9.99355,0.0051
1.42771,9.99223,0.00514
1.43171,9.99163,0.00528
1.43571,9.99159,0.0051
1.43971,9.99148,0.00513
1.44371,9.99183,0.00491
1.44771,9.99351,0.00384
1.45171,9.99378,0.00353
1.45571,9.99307,0.00404
1.45971,9.9927,0.00441
1.46371,9.99225,0.0051
1.46771,9.99297,0.00464
1.47171,9.99354,0.00392
1.47571,9.99479,0.00286
1.47971,9.99666,0.00153
1.48371,9.99816,4.33796E-4
1.48771,9.99854,2.42268E-4
1.49171,9.99821,5.72577E-4
1.49571,9.99865,1.25876E-4
1.49971,9.99878,0
1.50371,9.99878,0
1.50771,9.99878,0
1.51171,9.99878,0
1.51571,9.99878,0
1.51971,9.99878,0
1.52371,9.99878,0
1.52771,9.99878,0
1.53171,9.99878,0
1.53571,9.99878,0
1.53971,9.99878,0
1.54371,9.99878,0
1.54771,9.99878,0
1.55171,9.99878,0
1.55571,9.99878,0
1.55971,9.99878,0
1.56371,9.99878,0
1.56771,9.99878,0
1.57171,9.99878,0
1.57571,9.99878,0
1.57971,9.99878,0
1.58371,9.99878,0
1.58771,9.99878,0
1.59171,9.99878,0
1.59571,9.99878,0
1.59971,9.99878,0
1.60371,9.99878,0
1.60771,9.99878,0
1.61171,9.99878,0
1.61571,9.99878,0
1.61971,9.99878,0
1.62371,9.99878,0
1.62771,9.99878,0
1.63171,9.99878,0
1.63571,9.99878,0
1.63971,9.99878,0
1.64371,9.99878,0
1.64771,9.99878,0
1.65171,9.99878,0
1.65571,9.99878,0
1.65971,9.99878,0
1.66371,9.99878,0
1.66771,9.99878,0
1.67171,9.99878,0
1.67571,9.99878,0
1.67971,9.99878,0
1.68371,9.99878,0
1.68771,9.99878,0
1.69171,9.99878,0
1.69571,9.99878,0
1.69971,9.99878,0
1.70371,9.99878,0
1.70771,9.99878,0
1.71171,9.99878,0
1.71571,9.99878,0
1.71971,9.99878,0
1.72371,9.99878,0
1.72771,9.99878,0
1.73171,9.99878,0
1.73571,9.99878,0
1.73971,9.99878,0
1.74372,9.99878,0
1.74772,9.99878,0
1.75172,9.99878,0
1.75572,9.99878,0
1.75972,9.99878,0
1.76372,9.99878,0
1.76772,9.99878,0
1.77172,9.99878,0
1.77572,9.99878,0
1.77972,9.99878,0
1.78372,9.99878,0
1.78772,9.99878,0
1.79172,9.99878,0
1.79572,9.99878,0
1.79972,9.99878,0
1.80372,9.99878,0
1.80772,9.99878,0
1.81172,9.99878,0
1.81572,9.99878,0
1.81972,9.99878,0
1.82372,9.99878,0
1.82772,9.99878,0
1.83172,9.99878,0
1.83572,9.99878,0
1.83972,9.99878,0
1.84372,9.99878,0
1.84772,9.99878,0
1.85172,9.99878,0
1.85572,9.99878,0
1.85972,9.99878,0
1.86372,9.99878,0
1.86772,9.99878,0
1.87172,9.99878,0
1.87572,9.99878,0
1.87972,9.99878,0
1.88372,9.99878,0
1.88772,9.99878,0
1.89172,9.99878,0
1.89572,9.99878,0
1.89972,9.99878,0
1.90372,9.99878,0
1.90772,9.99878,0
1.91172,9.99878,0
1.91572,9.99878,0
1.91972,9.99878,0
1.92372,9.99878,0
1.92772,9.99878,0
1.93172,9.99878,0
1.93572,9.99878,0
1.93972,9.99878,0
1.94372,9.99878,0
1.94772,9.99878,0
1.95172,9.99878,0
1.95572,9.99878,0
1.95972,9.99878,0
1.96372,9.99878,0
1.96772,9.99878,0
1.97172,9.99878,0
1.97572,9.99878,0
1.97972,9.99878,0
1.98372,9.99878,0
1.98772,9.99841,3.74433E-4
1.99172,9.99655,0.00205
